Match_ID,Season,Match_Date,City,Venue,Team1,Team2,Toss_Winner,Toss_Decision,Winner,Win_By_Runs,Win_By_Wickets,Player_of_Match,Result,Innings,Batting_Team,Bowling_Team,Batsman,Bowler,Runs_Scored,Extra_Runs,Total_Runs,Wickets,Over,Ball,Toss_Winner_Won_Match
IPL2018_001,2018,2018-04-07,Bengaluru,M. Chinnaswamy Stadium,Mumbai Indians,Chennai Super Kings,Chennai Super Kings,bat,Mumbai Indians,52,0,Ravindra Jadeja,runs,1,Mumbai Indians,Chennai Super Kings,Shreyas Iyer,Ravindra Jadeja,6,0,6,0,1,1,False
IPL2019_002,2019,2018-04-10,Hyderabad,Rajiv Gandhi International Stadium,Mumbai Indians,Lucknow Super Giants,Lucknow Super Giants,bat,Lucknow Super Giants,0,2,Trent Boult,wickets,1,Mumbai Indians,Lucknow Super Giants,Nicholas Pooran,Rohit Sharma,1,0,1,0,1,1,True
IPL2020_003,2020,2018-04-13,Bengaluru,M. Chinnaswamy Stadium,Kolkata Knight Riders,Rajasthan Royals,Kolkata Knight Riders,bat,Kolkata Knight Riders,0,9,Andre Russell,wickets,1,Kolkata Knight Riders,Rajasthan Royals,Suryakumar Yadav,Prithvi Shaw,0,0,0,0,1,1,True
IPL2021_004,2021,2018-04-16,Kolkata,Eden Gardens,Gujarat Titans,Rajasthan Royals,Rajasthan Royals,field,Rajasthan Royals,0,0,Jos Buttler,normal,1,Gujarat Titans,Rajasthan Royals,Sunil Narine,MS Dhoni,4,0,4,0,1,1,True
IPL2022_005,2022,2018-04-19,Dubai,Dubai International Cricket Stadium,Rajasthan Royals,Gujarat Titans,Rajasthan Royals,bat,Gujarat Titans,0,0,Yashasvi Jaiswal,normal,1,Rajasthan Royals,Gujarat Titans,Jasprit Bumrah,Jos Buttler,4,0,4,1,1,1,False
IPL2023_006,2023,2018-04-22,Lucknow,BRSABV Ekana Cricket Stadium,Gujarat Titans,Royal Challengers Bengaluru,Royal Challengers Bengaluru,field,Gujarat Titans,0,0,Bhuvneshwar Kumar,normal,1,Gujarat Titans,Royal Challengers Bengaluru,Shikhar Dhawan,Jasprit Bumrah,1,0,1,0,1,1,False
IPL2024_007,2024,2018-04-25,Ahmedabad,Narendra Modi Stadium,Kolkata Knight Riders,Gujarat Titans,Kolkata Knight Riders,field,Kolkata Knight Riders,0,1,Nicholas Pooran,wickets,1,Kolkata Knight Riders,Gujarat Titans,Jasprit Bumrah,Shubman Gill,4,0,4,0,1,1,True
IPL2025_008,2025,2018-04-28,Kolkata,Eden Gardens,Gujarat Titans,Mumbai Indians,Gujarat Titans,bat,Gujarat Titans,0,5,Sanju Samson,wickets,1,Gujarat Titans,Mumbai Indians,Sunil Narine,Sunil Narine,1,0,1,0,1,1,True
IPL2026_009,2026,2018-05-01,Bengaluru,M. Chinnaswamy Stadium,Gujarat Titans,Lucknow Super Giants,Gujarat Titans,bat,Gujarat Titans,0,0,MS Dhoni,normal,1,Gujarat Titans,Lucknow Super Giants,MS Dhoni,Shreyas Iyer,2,0,2,0,1,1,True
IPL2018_010,2018,2018-05-04,Bengaluru,M. Chinnaswamy Stadium,Punjab Kings,Mumbai Indians,Punjab Kings,bat,Mumbai Indians,0,1,Prithvi Shaw,wickets,1,Punjab Kings,Mumbai Indians,Ishan Kishan,MS Dhoni,2,0,2,0,1,1,False
IPL2019_011,2019,2018-05-07,Chennai,MA Chidambaram Stadium,Rajasthan Royals,Gujarat Titans,Gujarat Titans,field,Rajasthan Royals,0,6,Pat Cummins,wickets,1,Rajasthan Royals,Gujarat Titans,Glenn Maxwell,Suryakumar Yadav,0,0,0,0,1,1,False
IPL2020_012,2020,2018-05-10,Lucknow,BRSABV Ekana Cricket Stadium,Sunrisers Hyderabad,Kolkata Knight Riders,Sunrisers Hyderabad,bat,Kolkata Knight Riders,0,6,Ishan Kishan,wickets,1,Sunrisers Hyderabad,Kolkata Knight Riders,Trent Boult,Ravindra Jadeja,0,0,0,0,1,1,False
IPL2021_013,2021,2018-05-13,Mumbai,Wankhede Stadium,Punjab Kings,Sunrisers Hyderabad,Sunrisers Hyderabad,bat,Punjab Kings,60,0,Shreyas Iyer,runs,1,Punjab Kings,Sunrisers Hyderabad,Hardik Pandya,KL Rahul,4,0,4,0,1,1,False
IPL2022_014,2022,2018-05-16,Chennai,MA Chidambaram Stadium,Delhi Capitals,Chennai Super Kings,Delhi Capitals,field,Chennai Super Kings,0,8,Shreyas Iyer,wickets,1,Delhi Capitals,Chennai Super Kings,Trent Boult,KL Rahul,1,0,1,0,1,1,False
IPL2023_015,2023,2018-05-19,Lucknow,BRSABV Ekana Cricket Stadium,Sunrisers Hyderabad,Punjab Kings,Punjab Kings,field,Sunrisers Hyderabad,0,0,Sunil Narine,normal,1,Sunrisers Hyderabad,Punjab Kings,Sanju Samson,Shreyas Iyer,0,2,2,0,1,1,False
IPL2024_016,2024,2018-05-22,Abu Dhabi,Sheikh Zayed Stadium,Chennai Super Kings,Mumbai Indians,Mumbai Indians,bat,Chennai Super Kings,0,5,Yashasvi Jaiswal,wickets,1,Chennai Super Kings,Mumbai Indians,Rohit Sharma,Faf du Plessis,1,0,1,0,1,1,False
IPL2025_017,2025,2018-05-25,Chennai,MA Chidambaram Stadium,Gujarat Titans,Punjab Kings,Gujarat Titans,field,Punjab Kings,0,7,Shikhar Dhawan,wickets,1,Gujarat Titans,Punjab Kings,Rashid Khan,Suryakumar Yadav,2,1,3,0,1,1,False
IPL2026_018,2026,2018-05-28,Kolkata,Eden Gardens,Rajasthan Royals,Delhi Capitals,Delhi Capitals,bat,Delhi Capitals,0,3,Suryakumar Yadav,wickets,1,Rajasthan Royals,Delhi Capitals,Sunil Narine,Virat Kohli,0,0,0,1,1,1,True
IPL2018_019,2018,2018-05-31,Ahmedabad,Narendra Modi Stadium,Delhi Capitals,Rajasthan Royals,Rajasthan Royals,field,Delhi Capitals,0,0,Virat Kohli,normal,1,Delhi Capitals,Rajasthan Royals,Faf du Plessis,Rohit Sharma,6,0,6,0,1,1,False
IPL2019_020,2019,2018-06-03,Abu Dhabi,Sheikh Zayed Stadium,Lucknow Super Giants,Chennai Super Kings,Chennai Super Kings,field,Chennai Super Kings,59,0,Jasprit Bumrah,runs,1,Lucknow Super Giants,Chennai Super Kings,Mohammed Siraj,Shikhar Dhawan,4,0,4,0,1,1,True
IPL2020_021,2020,2018-06-06,Ahmedabad,Narendra Modi Stadium,Royal Challengers Bengaluru,Delhi Capitals,Royal Challengers Bengaluru,field,Delhi Capitals,0,0,David Warner,normal,1,Royal Challengers Bengaluru,Delhi Capitals,Mohammed Siraj,Suryakumar Yadav,6,0,6,0,1,1,False
IPL2021_022,2021,2018-06-09,Abu Dhabi,Sheikh Zayed Stadium,Mumbai Indians,Kolkata Knight Riders,Kolkata Knight Riders,field,Mumbai Indians,0,0,Sunil Narine,normal,1,Mumbai Indians,Kolkata Knight Riders,Shikhar Dhawan,Sunil Narine,0,0,0,0,1,1,False
IPL2022_023,2022,2018-06-12,Chennai,MA Chidambaram Stadium,Kolkata Knight Riders,Lucknow Super Giants,Lucknow Super Giants,field,Lucknow Super Giants,51,0,Glenn Maxwell,runs,1,Kolkata Knight Riders,Lucknow Super Giants,Ruturaj Gaikwad,Rashid Khan,0,0,0,0,1,1,True
IPL2023_024,2023,2018-06-15,Chennai,MA Chidambaram Stadium,Lucknow Super Giants,Chennai Super Kings,Lucknow Super Giants,bat,Chennai Super Kings,31,0,Rashid Khan,runs,1,Lucknow Super Giants,Chennai Super Kings,Faf du Plessis,Bhuvneshwar Kumar,0,0,0,0,1,1,False
IPL2024_025,2024,2018-06-18,Jaipur,Sawai Mansingh Stadium,Punjab Kings,Lucknow Super Giants,Lucknow Super Giants,bat,Punjab Kings,0,2,Shikhar Dhawan,wickets,1,Punjab Kings,Lucknow Super Giants,Shikhar Dhawan,Tilak Varma,0,0,0,0,1,1,False
IPL2025_026,2025,2018-06-21,Chennai,MA Chidambaram Stadium,Rajasthan Royals,Delhi Capitals,Delhi Capitals,field,Delhi Capitals,46,0,Trent Boult,runs,1,Rajasthan Royals,Delhi Capitals,Ishan Kishan,David Warner,2,1,3,1,1,1,True
IPL2026_027,2026,2018-06-24,Delhi,Arun Jaitley Stadium,Sunrisers Hyderabad,Lucknow Super Giants,Sunrisers Hyderabad,bat,Lucknow Super Giants,0,1,Shikhar Dhawan,wickets,1,Sunrisers Hyderabad,Lucknow Super Giants,Ruturaj Gaikwad,Shreyas Iyer,2,0,2,0,1,1,False
IPL2018_028,2018,2018-06-27,Dubai,Dubai International Cricket Stadium,Rajasthan Royals,Punjab Kings,Punjab Kings,bat,Rajasthan Royals,12,0,Trent Boult,runs,1,Rajasthan Royals,Punjab Kings,Shikhar Dhawan,Sanju Samson,6,0,6,0,1,1,False
IPL2019_029,2019,2018-06-30,Mumbai,Wankhede Stadium,Mumbai Indians,Rajasthan Royals,Rajasthan Royals,field,Rajasthan Royals,0,0,Ruturaj Gaikwad,normal,1,Mumbai Indians,Rajasthan Royals,Ruturaj Gaikwad,Glenn Maxwell,4,0,4,0,1,1,True
IPL2020_030,2020,2018-07-03,Chennai,MA Chidambaram Stadium,Royal Challengers Bengaluru,Punjab Kings,Royal Challengers Bengaluru,bat,Punjab Kings,0,2,Tilak Varma,wickets,1,Royal Challengers Bengaluru,Punjab Kings,Shubman Gill,Yashasvi Jaiswal,2,0,2,0,1,1,False
IPL2021_031,2021,2018-07-06,Dubai,Dubai International Cricket Stadium,Rajasthan Royals,Kolkata Knight Riders,Rajasthan Royals,field,Rajasthan Royals,8,0,Shikhar Dhawan,runs,1,Rajasthan Royals,Kolkata Knight Riders,Andre Russell,Sanju Samson,2,0,2,0,1,1,True
IPL2022_032,2022,2018-07-09,Chennai,MA Chidambaram Stadium,Rajasthan Royals,Chennai Super Kings,Chennai Super Kings,field,Rajasthan Royals,0,8,Andre Russell,wickets,1,Rajasthan Royals,Chennai Super Kings,Mohammed Siraj,Ruturaj Gaikwad,2,0,2,0,1,1,False
IPL2023_033,2023,2018-07-12,Mohali,Punjab Cricket Association Stadium,Rajasthan Royals,Kolkata Knight Riders,Kolkata Knight Riders,bat,Rajasthan Royals,0,0,Suryakumar Yadav,normal,1,Rajasthan Royals,Kolkata Knight Riders,Bhuvneshwar Kumar,Ravindra Jadeja,1,0,1,0,1,1,False
IPL2024_034,2024,2018-07-15,Ahmedabad,Narendra Modi Stadium,Rajasthan Royals,Punjab Kings,Punjab Kings,field,Rajasthan Royals,24,0,MS Dhoni,runs,1,Rajasthan Royals,Punjab Kings,Bhuvneshwar Kumar,Rashid Khan,0,0,0,0,1,1,False
IPL2025_035,2025,2018-07-18,Chennai,MA Chidambaram Stadium,Kolkata Knight Riders,Mumbai Indians,Mumbai Indians,field,Mumbai Indians,39,0,Jos Buttler,runs,1,Kolkata Knight Riders,Mumbai Indians,Rohit Sharma,Ruturaj Gaikwad,1,0,1,0,1,1,True
IPL2026_036,2026,2018-07-21,Jaipur,Sawai Mansingh Stadium,Sunrisers Hyderabad,Gujarat Titans,Gujarat Titans,bat,Gujarat Titans,32,0,Jasprit Bumrah,runs,1,Sunrisers Hyderabad,Gujarat Titans,Tilak Varma,Glenn Maxwell,0,0,0,0,1,1,True
IPL2018_037,2018,2018-07-24,Mumbai,Wankhede Stadium,Rajasthan Royals,Royal Challengers Bengaluru,Rajasthan Royals,bat,Rajasthan Royals,47,0,Rishabh Pant,runs,1,Rajasthan Royals,Royal Challengers Bengaluru,Mohammed Siraj,KL Rahul,0,0,0,1,1,1,True
IPL2019_038,2019,2018-07-27,Hyderabad,Rajiv Gandhi International Stadium,Mumbai Indians,Punjab Kings,Punjab Kings,bat,Mumbai Indians,48,0,Trent Boult,runs,1,Mumbai Indians,Punjab Kings,MS Dhoni,Jos Buttler,0,0,0,0,1,1,False
IPL2020_039,2020,2018-07-30,Hyderabad,Rajiv Gandhi International Stadium,Mumbai Indians,Sunrisers Hyderabad,Sunrisers Hyderabad,field,Sunrisers Hyderabad,0,0,Jos Buttler,normal,1,Mumbai Indians,Sunrisers Hyderabad,Prithvi Shaw,Sunil Narine,1,0,1,0,1,1,True
IPL2021_040,2021,2018-08-02,Lucknow,BRSABV Ekana Cricket Stadium,Royal Challengers Bengaluru,Punjab Kings,Royal Challengers Bengaluru,bat,Punjab Kings,12,0,Rishabh Pant,runs,1,Royal Challengers Bengaluru,Punjab Kings,Bhuvneshwar Kumar,Suryakumar Yadav,0,0,0,0,1,1,False
IPL2022_041,2022,2018-08-05,Ahmedabad,Narendra Modi Stadium,Chennai Super Kings,Mumbai Indians,Chennai Super Kings,field,Mumbai Indians,59,0,KL Rahul,runs,1,Chennai Super Kings,Mumbai Indians,Rishabh Pant,Ruturaj Gaikwad,0,0,0,0,1,1,False
IPL2023_042,2023,2018-08-08,Mumbai,Wankhede Stadium,Rajasthan Royals,Chennai Super Kings,Rajasthan Royals,field,Rajasthan Royals,0,6,Jasprit Bumrah,wickets,1,Rajasthan Royals,Chennai Super Kings,Jasprit Bumrah,Bhuvneshwar Kumar,0,0,0,0,1,1,True
IPL2024_043,2024,2018-08-11,Hyderabad,Rajiv Gandhi International Stadium,Delhi Capitals,Rajasthan Royals,Delhi Capitals,field,Delhi Capitals,0,0,Sanju Samson,normal,1,Delhi Capitals,Rajasthan Royals,Andre Russell,Glenn Maxwell,2,0,2,0,1,1,True
IPL2025_044,2025,2018-08-14,Bengaluru,M. Chinnaswamy Stadium,Kolkata Knight Riders,Mumbai Indians,Kolkata Knight Riders,field,Kolkata Knight Riders,57,0,Trent Boult,runs,1,Kolkata Knight Riders,Mumbai Indians,Bhuvneshwar Kumar,Bhuvneshwar Kumar,0,0,0,1,1,1,True
IPL2026_045,2026,2018-08-17,Jaipur,Sawai Mansingh Stadium,Punjab Kings,Lucknow Super Giants,Punjab Kings,bat,Lucknow Super Giants,0,0,MS Dhoni,normal,1,Punjab Kings,Lucknow Super Giants,Tilak Varma,Tilak Varma,2,0,2,0,1,1,False
IPL2018_046,2018,2018-08-20,Jaipur,Sawai Mansingh Stadium,Punjab Kings,Lucknow Super Giants,Punjab Kings,field,Lucknow Super Giants,0,6,Hardik Pandya,wickets,1,Punjab Kings,Lucknow Super Giants,Bhuvneshwar Kumar,KL Rahul,0,0,0,0,1,1,False
IPL2019_047,2019,2018-08-23,Dubai,Dubai International Cricket Stadium,Rajasthan Royals,Gujarat Titans,Gujarat Titans,field,Rajasthan Royals,0,0,Shikhar Dhawan,normal,1,Rajasthan Royals,Gujarat Titans,Shreyas Iyer,Prithvi Shaw,1,0,1,0,1,1,False
IPL2020_048,2020,2018-08-26,Abu Dhabi,Sheikh Zayed Stadium,Lucknow Super Giants,Delhi Capitals,Lucknow Super Giants,bat,Lucknow Super Giants,0,0,Bhuvneshwar Kumar,normal,1,Lucknow Super Giants,Delhi Capitals,Nicholas Pooran,Ishan Kishan,0,0,0,0,1,1,True
IPL2021_049,2021,2018-08-29,Dubai,Dubai International Cricket Stadium,Royal Challengers Bengaluru,Kolkata Knight Riders,Royal Challengers Bengaluru,field,Royal Challengers Bengaluru,0,6,Sunil Narine,wickets,1,Royal Challengers Bengaluru,Kolkata Knight Riders,Faf du Plessis,Prithvi Shaw,0,1,1,0,1,1,True
IPL2022_050,2022,2018-09-01,Jaipur,Sawai Mansingh Stadium,Mumbai Indians,Sunrisers Hyderabad,Mumbai Indians,bat,Mumbai Indians,0,1,Prithvi Shaw,wickets,1,Mumbai Indians,Sunrisers Hyderabad,Shikhar Dhawan,Glenn Maxwell,2,0,2,0,1,1,True
IPL2023_051,2023,2018-09-04,Delhi,Arun Jaitley Stadium,Gujarat Titans,Chennai Super Kings,Gujarat Titans,bat,Chennai Super Kings,0,0,Virat Kohli,normal,1,Gujarat Titans,Chennai Super Kings,Rishabh Pant,Rashid Khan,4,0,4,0,1,1,False
IPL2024_052,2024,2018-09-07,Dubai,Dubai International Cricket Stadium,Sunrisers Hyderabad,Royal Challengers Bengaluru,Sunrisers Hyderabad,field,Royal Challengers Bengaluru,0,0,Sanju Samson,normal,1,Sunrisers Hyderabad,Royal Challengers Bengaluru,Andre Russell,Shikhar Dhawan,1,0,1,0,1,1,False
IPL2025_053,2025,2018-09-10,Abu Dhabi,Sheikh Zayed Stadium,Rajasthan Royals,Mumbai Indians,Mumbai Indians,field,Mumbai Indians,0,6,Andre Russell,wickets,1,Rajasthan Royals,Mumbai Indians,KL Rahul,Sanju Samson,4,0,4,0,1,1,True
IPL2026_054,2026,2018-09-13,Dubai,Dubai International Cricket Stadium,Sunrisers Hyderabad,Delhi Capitals,Delhi Capitals,bat,Sunrisers Hyderabad,0,3,Pat Cummins,wickets,1,Sunrisers Hyderabad,Delhi Capitals,Rishabh Pant,Yashasvi Jaiswal,1,0,1,0,1,1,False
IPL2018_055,2018,2018-09-16,Ahmedabad,Narendra Modi Stadium,Rajasthan Royals,Kolkata Knight Riders,Rajasthan Royals,bat,Rajasthan Royals,0,5,Yashasvi Jaiswal,wickets,1,Rajasthan Royals,Kolkata Knight Riders,Prithvi Shaw,Faf du Plessis,0,0,0,0,1,1,True
IPL2019_056,2019,2018-09-19,Bengaluru,M. Chinnaswamy Stadium,Royal Challengers Bengaluru,Sunrisers Hyderabad,Royal Challengers Bengaluru,bat,Royal Challengers Bengaluru,0,3,Rashid Khan,wickets,1,Royal Challengers Bengaluru,Sunrisers Hyderabad,Virat Kohli,Rishabh Pant,2,0,2,0,1,1,True
IPL2020_057,2020,2018-09-22,Chennai,MA Chidambaram Stadium,Lucknow Super Giants,Royal Challengers Bengaluru,Lucknow Super Giants,field,Lucknow Super Giants,50,0,Yashasvi Jaiswal,runs,1,Lucknow Super Giants,Royal Challengers Bengaluru,Ruturaj Gaikwad,Sanju Samson,3,0,3,0,1,1,True
IPL2021_058,2021,2018-09-25,Dubai,Dubai International Cricket Stadium,Chennai Super Kings,Lucknow Super Giants,Chennai Super Kings,bat,Lucknow Super Giants,0,0,Jasprit Bumrah,normal,1,Chennai Super Kings,Lucknow Super Giants,David Warner,Trent Boult,4,0,4,0,1,1,False
IPL2022_059,2022,2018-09-28,Ahmedabad,Narendra Modi Stadium,Sunrisers Hyderabad,Gujarat Titans,Sunrisers Hyderabad,field,Sunrisers Hyderabad,0,4,Shubman Gill,wickets,1,Sunrisers Hyderabad,Gujarat Titans,Andre Russell,Rashid Khan,1,0,1,0,1,1,True
IPL2023_060,2023,2018-10-01,Lucknow,BRSABV Ekana Cricket Stadium,Chennai Super Kings,Rajasthan Royals,Rajasthan Royals,field,Rajasthan Royals,63,0,Virat Kohli,runs,1,Chennai Super Kings,Rajasthan Royals,David Warner,Jos Buttler,0,0,0,0,1,1,True
IPL2024_061,2024,2018-10-04,Mumbai,Wankhede Stadium,Kolkata Knight Riders,Gujarat Titans,Gujarat Titans,bat,Kolkata Knight Riders,0,0,Jos Buttler,normal,1,Kolkata Knight Riders,Gujarat Titans,KL Rahul,Nicholas Pooran,0,0,0,0,1,1,False
IPL2025_062,2025,2018-10-07,Mohali,Punjab Cricket Association Stadium,Chennai Super Kings,Punjab Kings,Punjab Kings,bat,Chennai Super Kings,72,0,Sunil Narine,runs,1,Chennai Super Kings,Punjab Kings,Yashasvi Jaiswal,Pat Cummins,2,0,2,0,1,1,False
IPL2026_063,2026,2018-10-10,Ahmedabad,Narendra Modi Stadium,Sunrisers Hyderabad,Punjab Kings,Punjab Kings,field,Sunrisers Hyderabad,0,0,Prithvi Shaw,normal,1,Sunrisers Hyderabad,Punjab Kings,KL Rahul,Faf du Plessis,0,0,0,0,1,1,False
IPL2018_064,2018,2018-10-13,Jaipur,Sawai Mansingh Stadium,Gujarat Titans,Delhi Capitals,Delhi Capitals,field,Gujarat Titans,0,8,Rohit Sharma,wickets,1,Gujarat Titans,Delhi Capitals,Shikhar Dhawan,MS Dhoni,6,0,6,0,1,1,False
IPL2019_065,2019,2018-10-16,Ahmedabad,Narendra Modi Stadium,Royal Challengers Bengaluru,Chennai Super Kings,Royal Challengers Bengaluru,field,Chennai Super Kings,16,0,Pat Cummins,runs,1,Royal Challengers Bengaluru,Chennai Super Kings,Bhuvneshwar Kumar,Ruturaj Gaikwad,0,0,0,0,1,1,False
IPL2020_066,2020,2018-10-19,Ahmedabad,Narendra Modi Stadium,Chennai Super Kings,Rajasthan Royals,Chennai Super Kings,field,Rajasthan Royals,0,0,Pat Cummins,normal,1,Chennai Super Kings,Rajasthan Royals,Yashasvi Jaiswal,Sunil Narine,0,0,0,0,1,1,False
IPL2021_067,2021,2018-10-22,Kolkata,Eden Gardens,Mumbai Indians,Royal Challengers Bengaluru,Mumbai Indians,field,Royal Challengers Bengaluru,0,5,Virat Kohli,wickets,1,Mumbai Indians,Royal Challengers Bengaluru,Hardik Pandya,Rashid Khan,2,0,2,0,1,1,False
IPL2022_068,2022,2018-10-25,Delhi,Arun Jaitley Stadium,Royal Challengers Bengaluru,Punjab Kings,Royal Challengers Bengaluru,field,Punjab Kings,0,0,Shikhar Dhawan,normal,1,Royal Challengers Bengaluru,Punjab Kings,Prithvi Shaw,Sunil Narine,1,0,1,0,1,1,False
IPL2023_069,2023,2018-10-28,Ahmedabad,Narendra Modi Stadium,Kolkata Knight Riders,Punjab Kings,Kolkata Knight Riders,field,Kolkata Knight Riders,0,0,Jos Buttler,normal,1,Kolkata Knight Riders,Punjab Kings,David Warner,Andre Russell,3,0,3,0,1,1,True
IPL2024_070,2024,2018-10-31,Delhi,Arun Jaitley Stadium,Delhi Capitals,Sunrisers Hyderabad,Sunrisers Hyderabad,field,Sunrisers Hyderabad,0,0,MS Dhoni,normal,1,Delhi Capitals,Sunrisers Hyderabad,Shreyas Iyer,Tilak Varma,4,0,4,0,1,1,True
IPL2025_071,2025,2018-11-03,Chennai,MA Chidambaram Stadium,Chennai Super Kings,Delhi Capitals,Chennai Super Kings,bat,Chennai Super Kings,0,0,Shubman Gill,normal,1,Chennai Super Kings,Delhi Capitals,Rohit Sharma,Andre Russell,4,1,5,0,1,1,True
IPL2026_072,2026,2018-11-06,Lucknow,BRSABV Ekana Cricket Stadium,Kolkata Knight Riders,Delhi Capitals,Delhi Capitals,field,Kolkata Knight Riders,0,0,Mohammed Siraj,normal,1,Kolkata Knight Riders,Delhi Capitals,Prithvi Shaw,Sanju Samson,4,0,4,0,1,1,False
IPL2018_073,2018,2018-11-09,Kolkata,Eden Gardens,Gujarat Titans,Royal Challengers Bengaluru,Royal Challengers Bengaluru,bat,Royal Challengers Bengaluru,0,0,KL Rahul,normal,1,Gujarat Titans,Royal Challengers Bengaluru,MS Dhoni,Prithvi Shaw,1,0,1,0,1,1,True
IPL2019_074,2019,2018-11-12,Lucknow,BRSABV Ekana Cricket Stadium,Punjab Kings,Kolkata Knight Riders,Punjab Kings,field,Punjab Kings,0,9,KL Rahul,wickets,1,Punjab Kings,Kolkata Knight Riders,Hardik Pandya,Andre Russell,1,0,1,0,1,1,True
IPL2020_075,2020,2018-11-15,Ahmedabad,Narendra Modi Stadium,Kolkata Knight Riders,Sunrisers Hyderabad,Kolkata Knight Riders,field,Kolkata Knight Riders,0,0,Faf du Plessis,normal,1,Kolkata Knight Riders,Sunrisers Hyderabad,Shreyas Iyer,KL Rahul,1,0,1,0,1,1,True
IPL2021_076,2021,2018-11-18,Lucknow,BRSABV Ekana Cricket Stadium,Kolkata Knight Riders,Mumbai Indians,Kolkata Knight Riders,bat,Kolkata Knight Riders,0,6,Andre Russell,wickets,1,Kolkata Knight Riders,Mumbai Indians,Rohit Sharma,Trent Boult,2,0,2,0,1,1,True
IPL2022_077,2022,2018-11-21,Hyderabad,Rajiv Gandhi International Stadium,Rajasthan Royals,Sunrisers Hyderabad,Sunrisers Hyderabad,field,Rajasthan Royals,0,3,Hardik Pandya,wickets,1,Rajasthan Royals,Sunrisers Hyderabad,Mohammed Siraj,Rashid Khan,1,0,1,0,1,1,False
IPL2023_078,2023,2018-11-24,Dubai,Dubai International Cricket Stadium,Kolkata Knight Riders,Punjab Kings,Punjab Kings,bat,Kolkata Knight Riders,0,1,Prithvi Shaw,wickets,1,Kolkata Knight Riders,Punjab Kings,Ishan Kishan,Faf du Plessis,0,0,0,0,1,1,False
IPL2024_079,2024,2018-11-27,Kolkata,Eden Gardens,Gujarat Titans,Sunrisers Hyderabad,Gujarat Titans,bat,Sunrisers Hyderabad,69,0,Glenn Maxwell,runs,1,Gujarat Titans,Sunrisers Hyderabad,KL Rahul,Trent Boult,0,0,0,0,1,1,False
IPL2025_080,2025,2018-11-30,Mumbai,Wankhede Stadium,Delhi Capitals,Sunrisers Hyderabad,Sunrisers Hyderabad,bat,Delhi Capitals,0,1,Ruturaj Gaikwad,wickets,1,Delhi Capitals,Sunrisers Hyderabad,Rishabh Pant,Bhuvneshwar Kumar,0,0,0,0,1,1,False
IPL2026_081,2026,2018-12-03,Jaipur,Sawai Mansingh Stadium,Delhi Capitals,Royal Challengers Bengaluru,Delhi Capitals,field,Royal Challengers Bengaluru,26,0,Sunil Narine,runs,1,Delhi Capitals,Royal Challengers Bengaluru,MS Dhoni,Sanju Samson,0,0,0,0,1,1,False
IPL2018_082,2018,2018-12-06,Bengaluru,M. Chinnaswamy Stadium,Rajasthan Royals,Sunrisers Hyderabad,Rajasthan Royals,field,Sunrisers Hyderabad,0,9,Hardik Pandya,wickets,1,Rajasthan Royals,Sunrisers Hyderabad,Ruturaj Gaikwad,Ravindra Jadeja,0,0,0,0,1,1,False
IPL2019_083,2019,2018-12-09,Jaipur,Sawai Mansingh Stadium,Delhi Capitals,Punjab Kings,Delhi Capitals,field,Delhi Capitals,43,0,Shreyas Iyer,runs,1,Delhi Capitals,Punjab Kings,Shikhar Dhawan,David Warner,0,0,0,0,1,1,True
IPL2020_084,2020,2018-12-12,Chennai,MA Chidambaram Stadium,Delhi Capitals,Sunrisers Hyderabad,Sunrisers Hyderabad,bat,Delhi Capitals,35,0,Suryakumar Yadav,runs,1,Delhi Capitals,Sunrisers Hyderabad,Yashasvi Jaiswal,Ravindra Jadeja,0,0,0,0,1,1,False
IPL2021_085,2021,2018-12-15,Jaipur,Sawai Mansingh Stadium,Mumbai Indians,Punjab Kings,Punjab Kings,field,Mumbai Indians,0,0,Rohit Sharma,normal,1,Mumbai Indians,Punjab Kings,Shubman Gill,Virat Kohli,1,0,1,0,1,1,False
IPL2022_086,2022,2018-12-18,Lucknow,BRSABV Ekana Cricket Stadium,Kolkata Knight Riders,Lucknow Super Giants,Lucknow Super Giants,bat,Kolkata Knight Riders,0,7,Sanju Samson,wickets,1,Kolkata Knight Riders,Lucknow Super Giants,KL Rahul,Jasprit Bumrah,1,0,1,0,1,1,False
IPL2023_087,2023,2018-12-21,Mohali,Punjab Cricket Association Stadium,Sunrisers Hyderabad,Royal Challengers Bengaluru,Royal Challengers Bengaluru,field,Sunrisers Hyderabad,0,2,Hardik Pandya,wickets,1,Sunrisers Hyderabad,Royal Challengers Bengaluru,Sanju Samson,Sunil Narine,0,0,0,0,1,1,False
IPL2024_088,2024,2018-12-24,Mumbai,Wankhede Stadium,Royal Challengers Bengaluru,Mumbai Indians,Royal Challengers Bengaluru,bat,Mumbai Indians,23,0,Suryakumar Yadav,runs,1,Royal Challengers Bengaluru,Mumbai Indians,Faf du Plessis,Ruturaj Gaikwad,6,0,6,0,1,1,False
IPL2025_089,2025,2018-12-27,Kolkata,Eden Gardens,Rajasthan Royals,Sunrisers Hyderabad,Rajasthan Royals,field,Rajasthan Royals,0,0,Jasprit Bumrah,normal,1,Rajasthan Royals,Sunrisers Hyderabad,Mohammed Siraj,Shikhar Dhawan,0,0,0,0,1,1,True
IPL2026_090,2026,2018-12-30,Bengaluru,M. Chinnaswamy Stadium,Chennai Super Kings,Rajasthan Royals,Chennai Super Kings,bat,Chennai Super Kings,0,7,Shikhar Dhawan,wickets,1,Chennai Super Kings,Rajasthan Royals,Glenn Maxwell,Rashid Khan,1,0,1,0,1,1,True
IPL2018_091,2018,2019-01-02,Delhi,Arun Jaitley Stadium,Punjab Kings,Sunrisers Hyderabad,Punjab Kings,field,Punjab Kings,48,0,Glenn Maxwell,runs,1,Punjab Kings,Sunrisers Hyderabad,Sunil Narine,Suryakumar Yadav,0,0,0,0,1,1,True
IPL2019_092,2019,2019-01-05,Chennai,MA Chidambaram Stadium,Royal Challengers Bengaluru,Rajasthan Royals,Royal Challengers Bengaluru,field,Rajasthan Royals,0,0,Rishabh Pant,normal,1,Royal Challengers Bengaluru,Rajasthan Royals,Ishan Kishan,Pat Cummins,2,0,2,0,1,1,False
IPL2020_093,2020,2019-01-08,Jaipur,Sawai Mansingh Stadium,Mumbai Indians,Lucknow Super Giants,Mumbai Indians,field,Lucknow Super Giants,0,1,Jos Buttler,wickets,1,Mumbai Indians,Lucknow Super Giants,Bhuvneshwar Kumar,Glenn Maxwell,4,1,5,0,1,1,False
IPL2021_094,2021,2019-01-11,Kolkata,Eden Gardens,Sunrisers Hyderabad,Royal Challengers Bengaluru,Sunrisers Hyderabad,field,Sunrisers Hyderabad,0,0,Faf du Plessis,normal,1,Sunrisers Hyderabad,Royal Challengers Bengaluru,Trent Boult,Ravindra Jadeja,1,0,1,0,1,1,True
IPL2022_095,2022,2019-01-14,Ahmedabad,Narendra Modi Stadium,Royal Challengers Bengaluru,Delhi Capitals,Delhi Capitals,field,Royal Challengers Bengaluru,16,0,Bhuvneshwar Kumar,runs,1,Royal Challengers Bengaluru,Delhi Capitals,Virat Kohli,Mohammed Siraj,2,0,2,0,1,1,False
IPL2023_096,2023,2019-01-17,Kolkata,Eden Gardens,Mumbai Indians,Rajasthan Royals,Rajasthan Royals,bat,Mumbai Indians,0,7,MS Dhoni,wickets,1,Mumbai Indians,Rajasthan Royals,Shubman Gill,Andre Russell,0,0,0,0,1,1,False
IPL2024_097,2024,2019-01-20,Ahmedabad,Narendra Modi Stadium,Delhi Capitals,Rajasthan Royals,Delhi Capitals,field,Delhi Capitals,0,0,Andre Russell,normal,1,Delhi Capitals,Rajasthan Royals,Rishabh Pant,Rohit Sharma,2,0,2,0,1,1,True
IPL2025_098,2025,2019-01-23,Abu Dhabi,Sheikh Zayed Stadium,Delhi Capitals,Kolkata Knight Riders,Kolkata Knight Riders,bat,Kolkata Knight Riders,0,8,KL Rahul,wickets,1,Delhi Capitals,Kolkata Knight Riders,Glenn Maxwell,MS Dhoni,0,0,0,0,1,1,True
IPL2026_099,2026,2019-01-26,Delhi,Arun Jaitley Stadium,Punjab Kings,Kolkata Knight Riders,Punjab Kings,bat,Punjab Kings,2,0,Virat Kohli,runs,1,Punjab Kings,Kolkata Knight Riders,Faf du Plessis,Rishabh Pant,0,0,0,0,1,1,True
IPL2018_100,2018,2019-01-29,Mohali,Punjab Cricket Association Stadium,Lucknow Super Giants,Mumbai Indians,Lucknow Super Giants,field,Lucknow Super Giants,20,0,Mohammed Siraj,runs,1,Lucknow Super Giants,Mumbai Indians,David Warner,Shreyas Iyer,1,0,1,0,1,1,True
